{"cameraMode":{"drawMode":0,"name":"Shaded","section":"Shading Mode"},"sceneLighting":false,"audioPlay":false,"sceneViewState":{"showFog":true,"showMaterialUpdate":false,"showSkybox":true,"showFlares":true,"showImageEffects":true,"showParticleSystems":true},"in2DMode":false,"pivot":{"x":10.575736999511719,"y":4.333626747131348,"z":-20.845643997192384},"rotation":{"x":-0.31551021337509158,"y":-0.005693486891686916,"z":0.0018930855439975858,"w":-0.9489032626152039},"size":15.14168643951416,"orthographic":false}