{"cameraMode":{"drawMode":0,"name":"Shaded","section":"Shading Mode"},"sceneLighting":false,"audioPlay":false,"sceneViewState":{"showFog":true,"showMaterialUpdate":false,"showSkybox":true,"showFlares":true,"showImageEffects":true,"showParticleSystems":true},"in2DMode":false,"pivot":{"x":-1.1920928955078126e-7,"y":0.8601967096328735,"z":-0.0005164444446563721},"rotation":{"x":-0.31551021337509158,"y":-0.005693486891686916,"z":0.0018930855439975858,"w":-0.9489032626152039},"size":4.8063554763793949,"orthographic":false}