{"cameraMode":{"drawMode":0,"name":"Shaded","section":"Shading Mode"},"sceneLighting":false,"audioPlay":false,"sceneViewState":{"showFog":true,"showMaterialUpdate":false,"showSkybox":true,"showFlares":true,"showImageEffects":true,"showParticleSystems":true},"in2DMode":false,"pivot":{"x":-3.000424861907959,"y":2.626305103302002,"z":0.0},"rotation":{"x":-0.31551021337509158,"y":-0.005693486891686916,"z":0.0018930855439975858,"w":-0.9489032626152039},"size":13.442715644836426,"orthographic":false}