{"cameraMode":{"drawMode":0,"name":"Shaded","section":"Shading Mode"},"sceneLighting":false,"audioPlay":false,"sceneViewState":{"showFog":true,"showMaterialUpdate":false,"showSkybox":true,"showFlares":true,"showImageEffects":true,"showParticleSystems":true},"in2DMode":false,"pivot":{"x":3.3415017127990724,"y":14.87665843963623,"z":380.489990234375},"rotation":{"x":-0.3207879662513733,"y":-0.005682079121470451,"z":0.0019246889278292657,"w":-0.9471321105957031},"size":15.106610298156739,"orthographic":false}